<PlatformModule><__metadata><apiVersion>400</apiVersion><type>PlatformModule</type><uid>141530283</uid><createTimestamp>2015-06-12 14:30:32.5</createTimestamp><modifyTimestamp>2015-06-29 15:40:36.012</modifyTimestamp><status>Active</status><fingerprint>647b8cfac1f3065d666b9a77b930e27a</fingerprint></__metadata><authorType>TradeCustomer</authorType><moduleId>141530283</moduleId><ownerId>5717989018004281</ownerId><ownerType>TradeCustomer</ownerType><modifyTimestamp>2015-06-29 15:40:36.012</modifyTimestamp><authorId>5717989018004281</authorId><createTimestamp>2015-06-12 14:30:32.5</createTimestamp><userVersion>1.01</userVersion><description>CO&apos;s that are manipulated by the ToDoList App via AppX API</description><name>ToDoApp</name><customUiConfiguration><uiType>STANDARD</uiType><globalObjectType>$TaskS1</globalObjectType></customUiConfiguration><customUiConfiguration><uiType>STANDARD</uiType><globalObjectType>$ListS1</globalObjectType></customUiConfiguration><customUiConfiguration><uiType>STANDARD</uiType><globalObjectType>$CurrentUserS1</globalObjectType></customUiConfiguration></PlatformModule>