<CustomObjectDesignV110><version>0</version><globalObjectType>$TaskS1</globalObjectType><name>Task</name><description>ToDo Task</description><uniqueIdentifier>tid</uniqueIdentifier><designType>PRIMARY</designType><scalarField><fieldName>title</fieldName><fieldNumber>2</fieldNumber><description>task title</description><fieldPosition>20</fieldPosition><dataType>TEXT</dataType><detailedDataType>TEXT</detailedDataType><indexed>true</indexed><summaryField>true</summaryField><maxLength>200</maxLength><renderedOnUi>NORMAL</renderedOnUi><extendedData><dataKey>TABINDEX</dataKey></extendedData><extendedData><dataKey>TEXTAREAROWS</dataKey></extendedData></scalarField><scalarField><fieldName>description</fieldName><fieldNumber>4</fieldNumber><fieldPosition>40</fieldPosition><dataType>TEXT</dataType><detailedDataType>TEXT</detailedDataType><indexed>false</indexed><summaryField>true</summaryField><maxLength>200</maxLength><renderedOnUi>NORMAL</renderedOnUi><extendedData><dataKey>TABINDEX</dataKey></extendedData><extendedData><dataKey>TEXTAREAROWS</dataKey></extendedData></scalarField><scalarField><fieldName>boolUnassigned</fieldName><fieldNumber>5</fieldNumber><description>If task has been assigned</description><fieldPosition>50</fieldPosition><dataType>BOOLEAN</dataType><detailedDataType>BOOLEAN</detailedDataType><indexed>false</indexed><summaryField>false</summaryField><maxLength>200</maxLength><renderedOnUi>READONLY</renderedOnUi><extendedData><dataKey>TABINDEX</dataKey></extendedData><extendedData><dataKey>TEXTAREAROWS</dataKey></extendedData></scalarField><scalarField><fieldName>state</fieldName><fieldNumber>6</fieldNumber><fieldPosition>60</fieldPosition><dataType>TEXT</dataType><detailedDataType>TEXT</detailedDataType><indexed>true</indexed><summaryField>true</summaryField><maxLength>200</maxLength><renderedOnUi>READONLY</renderedOnUi><extendedData><dataKey>TABINDEX</dataKey></extendedData><extendedData><dataKey>TEXTAREAROWS</dataKey></extendedData></scalarField><scalarField><fieldName>tid</fieldName><fieldNumber>1</fieldNumber><fieldPosition>10</fieldPosition><dataType>TEXT</dataType><detailedDataType>TEXT</detailedDataType><indexed>true</indexed><summaryField>true</summaryField><maxLength>200</maxLength><renderedOnUi>NORMAL</renderedOnUi><extendedData><dataKey>TABINDEX</dataKey></extendedData><extendedData><dataKey>TEXTAREAROWS</dataKey></extendedData></scalarField><scalarField><fieldName>listuid</fieldName><fieldNumber>7</fieldNumber><description>Tasks are associated with a list</description><fieldPosition>70</fieldPosition><dataType>TEXT</dataType><detailedDataType>TEXT</detailedDataType><indexed>true</indexed><summaryField>false</summaryField><maxLength>200</maxLength><renderedOnUi>HIDDEN</renderedOnUi><extendedData><dataKey>TABINDEX</dataKey></extendedData><extendedData><dataKey>TEXTAREAROWS</dataKey></extendedData></scalarField><scalarField><fieldName>assignee</fieldName><fieldNumber>8</fieldNumber><fieldPosition>80</fieldPosition><dataType>COMPLEX</dataType><detailedDataType>PARTY</detailedDataType><indexed>true</indexed><summaryField>false</summaryField><maxLength>200</maxLength><renderedOnUi>NORMAL</renderedOnUi><extendedData><dataKey>ROLE</dataKey><stringValue>Seller</stringValue></extendedData><extendedData><dataKey>TABINDEX</dataKey></extendedData><extendedData><dataKey>TEXTAREAROWS</dataKey></extendedData></scalarField><scalarField><fieldName>notes</fieldName><fieldNumber>9</fieldNumber><description>Task notes</description><fieldPosition>90</fieldPosition><dataType>TEXT</dataType><detailedDataType>TEXT</detailedDataType><indexed>true</indexed><summaryField>true</summaryField><maxLength>200</maxLength><renderedOnUi>NORMAL</renderedOnUi><extendedData><dataKey>TABINDEX</dataKey></extendedData><extendedData><dataKey>TEXTAREAROWS</dataKey></extendedData></scalarField><workflowFeature><enabled>true</enabled><businessStatusField>state</businessStatusField><workflow><name>$$TaskS1CodWorkflowDesign</name><initialStatus>unassigned</initialStatus><step><editRoles>Buyer</editRoles><state>unassigned</state><systemDelete>false</systemDelete></step><step><editRoles>Buyer</editRoles><state>assigned</state><taskedAction>task</taskedAction><systemDelete>false</systemDelete></step><step><editRoles>Buyer</editRoles><state>tasked</state><systemDelete>false</systemDelete></step><step><editRoles>Buyer</editRoles><state>completed</state><systemDelete>false</systemDelete></step><transition><fromState>unassigned</fromState><toState>assigned</toState><action>assign</action><roles>Buyer</roles></transition><transition><fromState>assigned</fromState><toState>tasked</toState><action>task</action><roles>Buyer</roles></transition><transition><fromState>tasked</fromState><toState>completed</toState><action>complete</action><roles>Seller,Buyer</roles></transition><transition><fromState>completed</fromState><toState>assigned</toState><action>reopen</action><roles>Buyer</roles></transition><transition><fromState>assigned</fromState><toState>completed</toState><action>complete</action><roles>Buyer</roles></transition></workflow></workflowFeature><anchor><transactionType>Order</transactionType><isCollection>true</isCollection></anchor><visibilityType>INSTANCE</visibilityType><roleSecurity><role>Buyer</role><action>create</action></roleSecurity><roleSecurity><role>Buyer</role><action>modify</action></roleSecurity><roleSecurity><role>Seller</role><action>modify</action></roleSecurity><codSection></codSection><schemaVers>V15_4</schemaVers><apiVersion>310</apiVersion></CustomObjectDesignV110>