<CustomObjectDesignV110><version>0</version><globalObjectType>$ListS1</globalObjectType><name>List</name><description>A List of Tasks</description><uniqueIdentifier>listuid</uniqueIdentifier><designType>PRIMARY</designType><scalarField><fieldName>listuid</fieldName><fieldNumber>1</fieldNumber><description>Natural Identifier</description><fieldPosition>10</fieldPosition><dataType>TEXT</dataType><detailedDataType>TEXT</detailedDataType><indexed>true</indexed><summaryField>true</summaryField><maxLength>200</maxLength><renderedOnUi>NORMAL</renderedOnUi><extendedData><dataKey>TABINDEX</dataKey></extendedData><extendedData><dataKey>TEXTAREAROWS</dataKey></extendedData></scalarField><scalarField><fieldName>title</fieldName><fieldNumber>2</fieldNumber><description>List title</description><fieldPosition>20</fieldPosition><dataType>TEXT</dataType><detailedDataType>TEXT</detailedDataType><indexed>false</indexed><summaryField>true</summaryField><maxLength>200</maxLength><renderedOnUi>NORMAL</renderedOnUi><extendedData><dataKey>TABINDEX</dataKey></extendedData><extendedData><dataKey>TEXTAREAROWS</dataKey></extendedData></scalarField><scalarField><fieldName>buyer</fieldName><fieldNumber>4</fieldNumber><fieldPosition>40</fieldPosition><dataType>COMPLEX</dataType><detailedDataType>PARTY</detailedDataType><indexed>true</indexed><summaryField>true</summaryField><maxLength>200</maxLength><renderedOnUi>READONLY</renderedOnUi><extendedData><dataKey>ROLE</dataKey><stringValue>Buyer</stringValue></extendedData><extendedData><dataKey>TABINDEX</dataKey></extendedData><extendedData><dataKey>TEXTAREAROWS</dataKey></extendedData></scalarField><scalarField><fieldName>active</fieldName><fieldNumber>3</fieldNumber><fieldPosition>50</fieldPosition><dataType>TEXT</dataType><detailedDataType>TEXT</detailedDataType><indexed>true</indexed><summaryField>true</summaryField><maxLength>200</maxLength><renderedOnUi>READONLY</renderedOnUi><extendedData><dataKey>TABINDEX</dataKey></extendedData><extendedData><dataKey>TEXTAREAROWS</dataKey></extendedData></scalarField><anchor><transactionType>Shipment</transactionType><isCollection>true</isCollection></anchor><visibilityType>INSTANCE</visibilityType><roleSecurity><role>Buyer</role><action>create</action></roleSecurity><roleSecurity><role>Buyer</role><action>modify</action></roleSecurity><roleSecurity><role>Seller</role><action>modify</action></roleSecurity><codSection></codSection><schemaVers>V15_4</schemaVers><apiVersion>310</apiVersion></CustomObjectDesignV110>