<CustomObjectDesignV110><version>0</version><globalObjectType>$CurrentUserS1</globalObjectType><name>CurrentUser</name><description>Current User For App</description><uniqueIdentifier>memberId</uniqueIdentifier><designType>PRIMARY</designType><scalarField><fieldName>name</fieldName><fieldNumber>1</fieldNumber><description>Name of Organization</description><fieldPosition>20</fieldPosition><dataType>TEXT</dataType><detailedDataType>TEXT</detailedDataType><indexed>true</indexed><summaryField>false</summaryField><maxLength>200</maxLength><renderedOnUi>NORMAL</renderedOnUi><extendedData><dataKey>TABINDEX</dataKey></extendedData><extendedData><dataKey>TEXTAREAROWS</dataKey></extendedData></scalarField><scalarField><fieldName>current_username</fieldName><fieldNumber>2</fieldNumber><description>Current username</description><fieldPosition>30</fieldPosition><dataType>TEXT</dataType><detailedDataType>TEXT</detailedDataType><indexed>true</indexed><summaryField>true</summaryField><maxLength>200</maxLength><renderedOnUi>NORMAL</renderedOnUi><extendedData><dataKey>TABINDEX</dataKey></extendedData><extendedData><dataKey>TEXTAREAROWS</dataKey></extendedData></scalarField><scalarField><fieldName>memberId</fieldName><fieldNumber>3</fieldNumber><fieldPosition>10</fieldPosition><dataType>TEXT</dataType><detailedDataType>TEXT</detailedDataType><indexed>true</indexed><summaryField>true</summaryField><maxLength>200</maxLength><renderedOnUi>NORMAL</renderedOnUi><extendedData><dataKey>TABINDEX</dataKey></extendedData><extendedData><dataKey>TEXTAREAROWS</dataKey></extendedData></scalarField><visibilityType>INSTANCE</visibilityType><roleSecurity><role>Buyer</role><action>create</action></roleSecurity><roleSecurity><role>Buyer</role><action>modify</action></roleSecurity><roleSecurity><role>Seller</role><action>create</action></roleSecurity><roleSecurity><role>Seller</role><action>modify</action></roleSecurity><codSection></codSection><schemaVers>V15_4</schemaVers><apiVersion>310</apiVersion></CustomObjectDesignV110>